EM,Status
0.05095238095238096,contrastive
0.018571428571428572,contrastive
0.0888888888888889,contrastive
0.00857142857142857,contrastive
0.04857142857142857,contrastive
0.04555555555555555,contrastive
0.05666666666666667,contrastive
0.0703174603174603,contrastive
0.02142857142857143,contrastive
0.08317460317460318,contrastive
