EM,Status
0.021243646344478683,contrastive
0.008527155023228348,contrastive
0.01769914314680774,contrastive
