EM,Status
0.010045688813504318,non-contrastive
0.011530355858755304,non-contrastive
0.021525700826510966,non-contrastive
