EM,Status
0.06333333333333334,non-contrastive
0.023529411764705882,non-contrastive
0.04954248366013072,non-contrastive
0.04333333333333333,non-contrastive
0.03980392156862745,non-contrastive
0.013921568627450984,non-contrastive
0.021666666666666667,non-contrastive
0.028235294117647056,non-contrastive
0.019803921568627453,non-contrastive
0.013480392156862742,non-contrastive
